ticker,name,bucket,price,rsi14,px_vs_sma200,mom_3m,mom_6m,mom_12m,volatility_ann,max_drawdown_1y,pct_from_52w_high,pos_in_52w_range,distribution_yield,ter,aum,currency,sharpe_proxy,return_ann_3y,score_bond
XGSD.MI,Xtrackers Eurozone Gov Bond,Governativi_EUR,38.13999938964844,36.795053823309786,6.2316661239374405,3.846189799484123,9.927172027567298,27.279987030344067,9.092875153615328,-3.338937211713422,-3.332916944313058,86.23987060560616,,,,EUR,1.9332223393099175,21.341963299028023,59.4
IBGS.MI,iShares Euro Gov Bond 1-3y,Governativi_EUR,139.0800018310547,46.03349211858774,-0.11432810537287397,-0.5041626218639572,0.30480742428042884,0.5282428785646776,1.3240127149518184,-1.0843422278893344,-0.5604336056369341,50.14944491887275,,,,EUR,1.9850677775289507,2.6046505832498124,58.5
EUNW.DE,iShares Euro Corp 1-5y,Corporate_EUR,88.302001953125,30.969129333966336,-0.8001677992102052,-1.928166249091634,0.9259457076746136,0.5609085402902059,3.501620647086435,-2.825294988693905,-2.0505380064142376,48.785998879741285,,,,EUR,1.6518852316487949,5.547448999956539,55.3
IHYG.MI,iShares Euro High Yield Corp,Corporate_EUR,88.13999938964844,26.454110299233065,-0.9502292333605,-2.110390587022315,0.49694843025902546,0.3063015567391636,3.668501733146421,-2.7231859005693693,-2.2068351602436143,43.11331644420587,,,,EUR,1.5771561972120842,5.538384858301426,54.4
EHYA.MI,iShares Euro HY ESG,Corporate_EUR,5.769000053405762,30.246236102461438,-1.3558643767283551,-2.6985975727548683,-0.034653527520878136,0.1736452367866237,3.8106629003937575,-3.1419827177304627,-2.780585800956248,28.57142857142857,0.0,,,EUR,1.7133493186678719,6.215942545002351,54.3
IEAC.MI,iShares Core Euro Corp Bond,Corporate_EUR,115.87999725341797,43.18792708136136,-1.3005824972026736,-2.3502296681368384,-0.40994301804507804,-0.7456902799199194,3.2302333455833194,-3.0017355095738107,-2.4715086964260613,17.664008419683576,,,,EUR,1.283723941248772,4.137876729774592,52.7
IEAG.MI,iShares Euro Aggregate Bond,Governativi_EUR,103.12999725341797,32.76233949872426,-2.6555407713748536,-3.6118766250731626,-2.2864292656931684,-2.473885208043902,3.8438703357549358,-4.677843083202271,-4.501908413934441,3.761021183023376,0.0,,1681238784.0,EUR,0.6398630020293617,2.6205639849008255,47.3
ITPS.MI,iShares Euro Inflation Linked,Governativi_EUR,222.47000122070312,59.33008922052963,0.6477391710287828,-1.1420157048094182,0.15757523465231849,2.308578681496054,5.3296163759899216,-9.728202420128673,-2.1421638055933334,63.79184964927467,0.0,,,EUR,0.26003250512060055,1.8440638969056566,46.5
IBTM.MI,US Treasury 7-10y (confronto),Paesi_singoli,145.6999969482422,54.66189021528843,-0.6543209531277294,-2.4177889420531895,-1.7324392928428578,0.8199291728170577,5.479189465727464,-9.017761250375845,-3.4587869626526713,36.347347170408135,,,,EUR,0.1860083022783455,1.3572222669042233,44.1
IBGM.MI,iShares Euro Gov Bond 3-5y,Governativi_EUR,175.72000122070312,27.876225701008337,-4.1140160805062,-5.20580145151529,-3.816885702900552,-3.971968052545638,5.090314016548078,-6.651865181654593,-6.651865181654593,0.0,,,1021087936.0,EUR,0.43462342424632877,2.407267389551282,43.6
IBGL.MI,iShares Euro Gov Bond 15-30y,Governativi_EUR,148.33999633789062,26.584450968336412,-7.478764982265207,-8.960357115967167,-7.941714028902835,-7.881830065954021,9.00934541083965,-17.25663328910587,-11.640419340381358,0.0,,,972788800.0,EUR,0.07906082980119906,0.8444369565009602,33.9
